{"cameraMode":{"drawMode":0,"name":"Shaded","section":"Shading Mode"},"sceneLighting":true,"audioPlay":false,"sceneViewState":{"m_AlwaysRefresh":false,"showFog":true,"showSkybox":true,"showFlares":true,"showImageEffects":true,"showParticleSystems":true,"showVisualEffectGraphs":true,"m_FxEnabled":true},"in2DMode":false,"pivot":{"x":-0.7894878387451172,"y":1.4071420650907386e-7,"z":0.004737006966024637},"rotation":{"x":0.11375293880701065,"y":0.002980527700856328,"z":-0.00034134951420128345,"w":0.9935063719749451},"size":8.512357711791993,"orthographic":true}