{"cameraMode":{"drawMode":0,"name":"Shaded","section":"Shading Mode"},"sceneLighting":true,"audioPlay":false,"sceneViewState":{"m_AlwaysRefresh":false,"showFog":true,"showSkybox":true,"showFlares":true,"showImageEffects":true,"showParticleSystems":true,"showVisualEffectGraphs":true,"m_FxEnabled":true},"in2DMode":false,"pivot":{"x":3.9729909896850588,"y":-1.27732253074646,"z":-0.3202275037765503},"rotation":{"x":0.11375293880701065,"y":0.002980527700856328,"z":-0.00034134951420128345,"w":0.9935063719749451},"size":0.6093028783798218,"orthographic":true}